,PositionTitle,MinimumRange,MaximumRange,PositionURI
0,Psychology Program Manager,160619.0,208808.0,https://www.usajobs.gov:443/GetJob/ViewDetails/826236000
1,Psychology Program Manager (PCMHI),145860.0,189620.0,https://www.usajobs.gov:443/GetJob/ViewDetails/827626900
2,Substance Abuse Psychology Program Manager,152398.0,198119.0,https://www.usajobs.gov:443/GetJob/ViewDetails/820596300
3,Psychology Program Manager - Workplace Violence Prevention Program,141948.0,184534.0,https://www.usajobs.gov:443/GetJob/ViewDetails/818285900
4,Psychology Program Manager (Outpatient Mental Health Program Manager),145860.0,189620.0,https://www.usajobs.gov:443/GetJob/ViewDetails/826827000
5,Psychology Program Manager - Workplace Violence Prevention Program,141948.0,184534.0,https://www.usajobs.gov:443/GetJob/ViewDetails/818286000
6,Staff Psychologist,106445.0,138382.0,https://www.usajobs.gov:443/GetJob/ViewDetails/825694600
7,Senior Psychologist Program Manager Detail NTE 1 Year,164637.0,195200.0,https://www.usajobs.gov:443/GetJob/ViewDetails/827863300
8,Staff Psychologist (Neuropsychologist)-Amended,84652.0,156853.0,https://www.usajobs.gov:443/GetJob/ViewDetails/828573300
9,Staff Psychologist (PTSD EBP) - Relocation Incentive and Education Debt Reduction Program Authorized,81888.0,151732.0,https://www.usajobs.gov:443/GetJob/ViewDetails/776783900
10,Staff Psychologist (PTSD EBP) - Recruitment Incentive & Education Debt Reduction Program Authorized,81888.0,151732.0,https://www.usajobs.gov:443/GetJob/ViewDetails/776784800
11,Staff Psychologist (Health Behavior Coordinator)-Amended,84652.0,156853.0,https://www.usajobs.gov:443/GetJob/ViewDetails/828612500
12,Clinical Psychologist,139395.0,185824.0,https://www.usajobs.gov:443/GetJob/ViewDetails/764671200
13,Staff Psychologist (Geropsychologist)-Amended,84652.0,156853.0,https://www.usajobs.gov:443/GetJob/ViewDetails/828059100
14,CLINICAL PSYCHOLOGIST,120381.0,156498.0,https://www.usajobs.gov:443/GetJob/ViewDetails/828150000
15,Staff Psychologist (BHIP - Geropsychologist) - Education Debt Reduction Program Authorized,72553.0,113047.0,https://www.usajobs.gov:443/GetJob/ViewDetails/818121400
16,Staff Psychologist (BHIP - Geropsychologist) - Education Debt Reduction Program Authorized,72553.0,134435.0,https://www.usajobs.gov:443/GetJob/ViewDetails/818121800
17,Senior Psychologist Program Manager GS-0180-15 Detail NTE One Year,164637.0,195200.0,https://www.usajobs.gov:443/GetJob/ViewDetails/829315300
18,Licensed Professional Mental Health Counselor - Behavioral Health Interdisciplinary Program (BHIP),63810.0,100361.0,https://www.usajobs.gov:443/GetJob/ViewDetails/828797600
19,Clinical Psychologist,119157.0,154906.0,https://www.usajobs.gov:443/GetJob/ViewDetails/827750100
20,Clinical Psychologist,120381.0,156498.0,https://www.usajobs.gov:443/GetJob/ViewDetails/826526000
21,Supervisory Clinical Psychologist,151676.0,197181.0,https://www.usajobs.gov:443/GetJob/ViewDetails/826390900
22,Clinical Psychologist,103409.0,134435.0,https://www.usajobs.gov:443/GetJob/ViewDetails/818853600
23,Clinical Psychologist,88813.0,164563.0,https://www.usajobs.gov:443/GetJob/ViewDetails/828494300
24,Clinical Psychologist,88813.0,164563.0,https://www.usajobs.gov:443/GetJob/ViewDetails/828496000
25,SCIENTIST,61933.0,153354.0,https://www.usajobs.gov:443/GetJob/ViewDetails/814824900
26,ENGINEER/SCIENTIST,86962.0,134435.0,https://www.usajobs.gov:443/GetJob/ViewDetails/828077300
27,IT Program Manager (APPSW-INFOSEC)),167603.0,195200.0,https://www.usajobs.gov:443/GetJob/ViewDetails/828707400
28,Cyber Security Researcher,72965.0,128956.0,https://www.usajobs.gov:443/GetJob/ViewDetails/759314600
29,Computer Engineer,129690.0,168597.0,https://www.usajobs.gov:443/GetJob/ViewDetails/828366800
30,Computer Engineer,129690.0,168597.0,https://www.usajobs.gov:443/GetJob/ViewDetails/829254200
31,Quantum Computing Scientist,68405.0,181216.0,https://www.usajobs.gov:443/GetJob/ViewDetails/757827500
32,INTERDISCIPLINARY ENGINEER/SCIENTIST,99200.0,153354.0,https://www.usajobs.gov:443/GetJob/ViewDetails/819468000
33,INTERDISCIPLINARY ENGINEER/SCIENTIST,101121.0,156323.0,https://www.usajobs.gov:443/GetJob/ViewDetails/780801200
34,INTERDISCIPLINARY ENGINEER/SCIENTIST,101121.0,156323.0,https://www.usajobs.gov:443/GetJob/ViewDetails/788216400
35,IT Specialist (APPSW),99069.0,128795.0,https://www.usajobs.gov:443/GetJob/ViewDetails/828522300
36,IT Specialist (APPSW),100371.0,130488.0,https://www.usajobs.gov:443/GetJob/ViewDetails/829184200
37,INTERDISCIPLINARY ENGINEER/SCIENTIST,103316.0,159716.0,https://www.usajobs.gov:443/GetJob/ViewDetails/828599400
38,Software Developer (Sr. Software Developer),105896.0,181216.0,https://www.usajobs.gov:443/GetJob/ViewDetails/825773300
39,Software Developer,74299.0,137669.0,https://www.usajobs.gov:443/GetJob/ViewDetails/825773200
40,DST Data Engineer,72030.0,170800.0,https://www.usajobs.gov:443/GetJob/ViewDetails/757695300
41,ENGINEER/SCIENTIST,73572.0,136323.0,https://www.usajobs.gov:443/GetJob/ViewDetails/793433300
42,IT SPECIALIST (APPSW),92573.0,156755.0,https://www.usajobs.gov:443/GetJob/ViewDetails/827736100
43,HR INFORMATION SYSTEMS SPECIALIST (CYBERSECURITY),61680.0,80182.0,https://www.usajobs.gov:443/GetJob/ViewDetails/828809400
44,IT Specialist (INFOSEC),109749.0,168597.0,https://www.usajobs.gov:443/GetJob/ViewDetails/829009300
45,Applications Programmer,60266.0,128992.0,https://www.usajobs.gov:443/GetJob/ViewDetails/822675900
46,IT Specialist (APPSW),107517.0,139774.0,https://www.usajobs.gov:443/GetJob/ViewDetails/828947200
47,Supervisory IT Cybersecurity Specialist (APPSW),167020.0,195200.0,https://www.usajobs.gov:443/GetJob/ViewDetails/827126000
48,IT SPECIALIST (APPSW),73286.0,95270.0,https://www.usajobs.gov:443/GetJob/ViewDetails/743218800
49,Supervisory Information Technology Specialist,167617.0,207500.0,https://www.usajobs.gov:443/GetJob/ViewDetails/829007100
50,IT Specialist (Systems Administration),74532.0,96887.0,https://www.usajobs.gov:443/GetJob/ViewDetails/829240000
51,IT SPECIALIST (NETWORK SERVICES/SYSTEMS ADMINISTRATION),88621.0,115213.0,https://www.usajobs.gov:443/GetJob/ViewDetails/827118800
52,IT SPECIALIST (SYSTEMS ADMINISTRATION) T5,77343.0,100541.0,https://www.usajobs.gov:443/GetJob/ViewDetails/827931100
53,Medical Support Assistant,49533.0,64389.0,https://www.usajobs.gov:443/GetJob/ViewDetails/827621700
54,Supervisory Federal Air Marshal (Lateral),142488.0,185234.0,https://www.usajobs.gov:443/GetJob/ViewDetails/829102300
55,Supervisory Federal Air Marshal (Promotional),142488.0,185234.0,https://www.usajobs.gov:443/GetJob/ViewDetails/829102400
56,Transportation Security Officer,43457.0,60643.0,https://www.usajobs.gov:443/GetJob/ViewDetails/809450900
57,Transporation Security Officer,56193.0,69539.0,https://www.usajobs.gov:443/GetJob/ViewDetails/809467400
58,Transportation Security Officer,54105.0,66707.0,https://www.usajobs.gov:443/GetJob/ViewDetails/809530600
59,Transportation Security Officer,40332.0,56282.0,https://www.usajobs.gov:443/GetJob/ViewDetails/809771900
60,Transportation Security Officer,40332.0,56282.0,https://www.usajobs.gov:443/GetJob/ViewDetails/809772100
61,Transportation Security Officer,45649.0,56282.0,https://www.usajobs.gov:443/GetJob/ViewDetails/809774300
62,Transportation Security Officer,40332.0,56282.0,https://www.usajobs.gov:443/GetJob/ViewDetails/809777400
63,Transportation Security Officer,45649.0,56282.0,https://www.usajobs.gov:443/GetJob/ViewDetails/809779200
64,Transportation Security Officer,45649.0,56282.0,https://www.usajobs.gov:443/GetJob/ViewDetails/809779500
65,Transportation Security Officer,40332.0,56282.0,https://www.usajobs.gov:443/GetJob/ViewDetails/810097600
66,Transportation Security Officer,40332.0,56282.0,https://www.usajobs.gov:443/GetJob/ViewDetails/810098300
67,Transportation Security Officer,40332.0,56282.0,https://www.usajobs.gov:443/GetJob/ViewDetails/810099000
68,Transportation Security Officer,40332.0,56282.0,https://www.usajobs.gov:443/GetJob/ViewDetails/810099700
69,Transportation Security Officer,40332.0,56282.0,https://www.usajobs.gov:443/GetJob/ViewDetails/810223500
70,Transportation Security Officer,61568.0,75911.0,https://www.usajobs.gov:443/GetJob/ViewDetails/810225000
71,Transportation Security Officer,40332.0,56282.0,https://www.usajobs.gov:443/GetJob/ViewDetails/810337100
72,Transportation Security Officer,42104.0,56282.0,https://www.usajobs.gov:443/GetJob/ViewDetails/810394200
73,Transportation Security Officer,45649.0,56282.0,https://www.usajobs.gov:443/GetJob/ViewDetails/810394600
74,Transportation Security Officer,40332.0,56282.0,https://www.usajobs.gov:443/GetJob/ViewDetails/810396200
75,Cybersecurity Engineering - Technical,105600.0,212500.0,https://www.usajobs.gov:443/GetJob/ViewDetails/828339000
76,Cybersecurity Architecture - Technical,105600.0,212500.0,https://www.usajobs.gov:443/GetJob/ViewDetails/828332400
77,Cybersecurity Engineering-Leadership,122400.0,201500.0,https://www.usajobs.gov:443/GetJob/ViewDetails/829061400
78,Cybersecurity Architecture- Leadership,122400.0,201500.0,https://www.usajobs.gov:443/GetJob/ViewDetails/828665200
79,Cybersecurity Defensive Operations - Technical,105600.0,212500.0,https://www.usajobs.gov:443/GetJob/ViewDetails/828130900
80,Cybersecurity Defensive Operations - Developmental,82000.0,107000.0,https://www.usajobs.gov:443/GetJob/ViewDetails/827826500
81,Cybersecurity Defensive Operations - Leadership,122400.0,201500.0,https://www.usajobs.gov:443/GetJob/ViewDetails/828130500
82,Cybersecurity Risk Management and Compliance - Technical,105600.0,212500.0,https://www.usajobs.gov:443/GetJob/ViewDetails/828132500
83,Cybersecurity Risk Management and Compliance - Developmental,82000.0,107000.0,https://www.usajobs.gov:443/GetJob/ViewDetails/827826800
84,Cybersecurity Risk Management and Compliance - Leadership,122400.0,201500.0,https://www.usajobs.gov:443/GetJob/ViewDetails/828689000
85,Data Science - Technical,105600.0,212500.0,https://www.usajobs.gov:443/GetJob/ViewDetails/829062500
86,Data Science - Leadership,122400.0,201500.0,https://www.usajobs.gov:443/GetJob/ViewDetails/828665600
87,IT Cybersecurity Specialist (NETWORK/INFOSEC),120579.0,156755.0,https://www.usajobs.gov:443/GetJob/ViewDetails/828476000
88,Mitigation and Response - Technical,105600.0,212500.0,https://www.usajobs.gov:443/GetJob/ViewDetails/828134600
89,Mitigation and Response - Leadership,122400.0,201500.0,https://www.usajobs.gov:443/GetJob/ViewDetails/828689200
90,Security Specialist,108165.0,166163.0,https://www.usajobs.gov:443/GetJob/ViewDetails/828380000
91,Security Specialist,108165.0,166163.0,https://www.usajobs.gov:443/GetJob/ViewDetails/828417200
92,Supervisory Management and Program Analyst,155679.0,195200.0,https://www.usajobs.gov:443/GetJob/ViewDetails/826057300
93,Supervisory Management and Program Analyst,155679.0,195200.0,https://www.usajobs.gov:443/GetJob/ViewDetails/826957700
94,External Affairs Specialist,146754.0,190779.0,https://www.usajobs.gov:443/GetJob/ViewDetails/827498100
95,IT Cybersecurity Specialist,101401.0,156755.0,https://www.usajobs.gov:443/GetJob/ViewDetails/829192300
96,IT CYBERSECURITY SPECIALIST (INFOSEC),123318.0,165918.0,https://www.usajobs.gov:443/GetJob/ViewDetails/827397500
97,IT CYBERSECURITY SPECIALIST (INFOSEC),88621.0,115213.0,https://www.usajobs.gov:443/GetJob/ViewDetails/828602200
98,IT Specialist (Network/Security),90961.0,140616.0,https://www.usajobs.gov:443/GetJob/ViewDetails/828862300
99,IT Cybersecurity Specialist (INFOSEC),86962.0,134435.0,https://www.usajobs.gov:443/GetJob/ViewDetails/791487200
100,SUPERVISORY ACCOUNTANT,152850.0,198704.0,https://www.usajobs.gov:443/GetJob/ViewDetails/829245900
101,Finance Resource Officer,74318.0,129759.0,https://www.usajobs.gov:443/GetJob/ViewDetails/772409300
102,ACCOUNTING TECHNICIAN,42113.0,54742.0,https://www.usajobs.gov:443/GetJob/ViewDetails/828497100
103,LEAD ACCOUNTING TECHNICIAN,46945.0,61026.0,https://www.usajobs.gov:443/GetJob/ViewDetails/827523300
104,LEAD ACCOUNTING TECHNICIAN,44959.0,58445.0,https://www.usajobs.gov:443/GetJob/ViewDetails/827598300
105,LEAD ACCOUNTING TECHNICIAN,52167.0,67821.0,https://www.usajobs.gov:443/GetJob/ViewDetails/828713500
106,FINANCIAL TECHNICIAN,46914.0,60986.0,https://www.usajobs.gov:443/GetJob/ViewDetails/828201900
107,SUPERVISORY FINANCIAL SPECIALIST,105383.0,137000.0,https://www.usajobs.gov:443/GetJob/ViewDetails/829186500
108,FINANCIAL SYSTEMS SPECIALIST,89447.0,116286.0,https://www.usajobs.gov:443/GetJob/ViewDetails/829113000
109,"Deputy Assistant Inspector General, Audit (Executive) - Finance, Pricing & Human Capital",180000.0,225700.0,https://www.usajobs.gov:443/GetJob/ViewDetails/826884300
110,FINANCIAL MANAGEMENT SPECIALIST,49960.0,97011.0,https://www.usajobs.gov:443/GetJob/ViewDetails/829255200
111,LEAD FINANCIAL SYSTEMS SPECIALIST,104356.0,143051.0,https://www.usajobs.gov:443/GetJob/ViewDetails/827501900
112,"Deputy Assistant Inspector General, Audit (Executive) -  Finance, Pricing & Human Capital",180000.0,225700.0,https://www.usajobs.gov:443/GetJob/ViewDetails/826884200
113,SUPERVISORY ACCOUNTING TECHNICIAN,55844.0,72602.0,https://www.usajobs.gov:443/GetJob/ViewDetails/827457300
114,SUPERVISORY FINANCIAL SPECIALIST,77154.0,120222.0,https://www.usajobs.gov:443/GetJob/ViewDetails/828813400
115,ADMINISTRATIVE SUPPORT SPECIALIST,52132.0,82897.0,https://www.usajobs.gov:443/GetJob/ViewDetails/829252900
116,FINANCIAL SYSTEMS ANALYST,74627.0,120301.0,https://www.usajobs.gov:443/GetJob/ViewDetails/827251000
117,FINANCIAL SPECIALIST,88621.0,120301.0,https://www.usajobs.gov:443/GetJob/ViewDetails/827894700
118,SUPERVISORY FINANCIAL SPECIALIST,74627.0,100361.0,https://www.usajobs.gov:443/GetJob/ViewDetails/828419400
119,FINANCIAL SPECIALIST,74627.0,120301.0,https://www.usajobs.gov:443/GetJob/ViewDetails/829010300
120,FINANCIAL MANAGEMENT ANALYST (CYBERSECURITY),50425.0,97011.0,https://www.usajobs.gov:443/GetJob/ViewDetails/829013400
121,FINANCIAL MANAGEMENT SPECIALIST,59966.0,77955.0,https://www.usajobs.gov:443/GetJob/ViewDetails/829165900
122,ACCOUNTANT,59966.0,77955.0,https://www.usajobs.gov:443/GetJob/ViewDetails/827998200
123,ACCOUNTANT,49960.0,96116.0,https://www.usajobs.gov:443/GetJob/ViewDetails/827596200
124,HR INFORMATION SYSTEMS SPECIALIST (CYBERSECURITY),61680.0,80182.0,https://www.usajobs.gov:443/GetJob/ViewDetails/828809400
125,DATA ANALYTICS SPECIALIST,63163.0,82108.0,https://www.usajobs.gov:443/GetJob/ViewDetails/828155000
126,HUMAN CAPITAL SPECIALIST (DATA ANALYTICS),89447.0,116286.0,https://www.usajobs.gov:443/GetJob/ViewDetails/829109800
127,Business Analytics Officer,72965.0,153354.0,https://www.usajobs.gov:443/GetJob/ViewDetails/759299000
128,Student Trainee (Data Scientist),57164.0,90898.0,https://www.usajobs.gov:443/GetJob/ViewDetails/829035200
129,DATA SCIENTIST,101401.0,156755.0,https://www.usajobs.gov:443/GetJob/ViewDetails/828366900
130,MANAGEMENT & PROGRAM ANALYST (DATA ANALYST),108957.0,156755.0,https://www.usajobs.gov:443/GetJob/ViewDetails/829168100
131,Management and Program Analyst,117807.0,153151.0,https://www.usajobs.gov:443/GetJob/ViewDetails/829153300
132,Security Guard,44117.0,57354.0,https://www.usajobs.gov:443/GetJob/ViewDetails/816646100
133,Secretary (Office Automation),50464.0,65607.0,https://www.usajobs.gov:443/GetJob/ViewDetails/828184200
134,Lead Firefighter (Basic Life Support),61111.0,79443.0,https://www.usajobs.gov:443/GetJob/ViewDetails/828536600
135,Financial Management Analyst,75120.0,117053.0,https://www.usajobs.gov:443/GetJob/ViewDetails/829058900
136,Lead Firefighter (Basic Life Support/Hazmat Technician),55328.0,71932.0,https://www.usajobs.gov:443/GetJob/ViewDetails/829111200
137,Lead Firefighter (Basic Life Support/Hazmat Technician),55328.0,71932.0,https://www.usajobs.gov:443/GetJob/ViewDetails/829111300
138,General Supply Specialist,61111.0,79443.0,https://www.usajobs.gov:443/GetJob/ViewDetails/829188400
139,General Supply Specialist,61111.0,79443.0,https://www.usajobs.gov:443/GetJob/ViewDetails/829188500
140,Mechanical Engineer,101121.0,131452.0,https://www.usajobs.gov:443/GetJob/ViewDetails/805706400
141,LEAD OPERATIONS RESEARCH ANALYST,101401.0,156755.0,https://www.usajobs.gov:443/GetJob/ViewDetails/811588700
142,General Engineer,86962.0,113047.0,https://www.usajobs.gov:443/GetJob/ViewDetails/813918700
143,Flight Test Pilot,103922.0,135103.0,https://www.usajobs.gov:443/GetJob/ViewDetails/815140500
144,Electrical Engineer,101121.0,131452.0,https://www.usajobs.gov:443/GetJob/ViewDetails/817410700
145,Range Officer,105383.0,137000.0,https://www.usajobs.gov:443/GetJob/ViewDetails/826396100
146,Police Officer (Traffic Investigator),62187.0,80848.0,https://www.usajobs.gov:443/GetJob/ViewDetails/826597200
147,Interdisciplinary,52171.0,120311.0,https://www.usajobs.gov:443/GetJob/ViewDetails/826645600
148,BUDGET ANALYST,77210.0,120311.0,https://www.usajobs.gov:443/GetJob/ViewDetails/826999600
149,BUDGET ANALYST,77210.0,120311.0,https://www.usajobs.gov:443/GetJob/ViewDetails/826999700
150,Senior Technical Advisor for Financial Management,150160.0,225700.0,https://www.usajobs.gov:443/GetJob/ViewDetails/829055600
151,Business Financial Analyst,120579.0,156755.0,https://www.usajobs.gov:443/GetJob/ViewDetails/828903700
152,Supervisory Accountant,126361.0,164268.0,https://www.usajobs.gov:443/GetJob/ViewDetails/829196800
153,DEPUTY FINANCIAL MANAGER,86962.0,113047.0,https://www.usajobs.gov:443/GetJob/ViewDetails/827509300
154,FINANCIAL MANAGER,121485.0,157934.0,https://www.usajobs.gov:443/GetJob/ViewDetails/828427100
155,Financial Management Specialist,117962.0,153354.0,https://www.usajobs.gov:443/GetJob/ViewDetails/828098100
156,Resource Management Officer,139967.0,181956.0,https://www.usajobs.gov:443/GetJob/ViewDetails/828350100
157,Program Analyst,77015.0,120006.0,https://www.usajobs.gov:443/GetJob/ViewDetails/828810000
158,LEAD FINANCIAL SYSTEMS SPECIALIST,104356.0,143051.0,https://www.usajobs.gov:443/GetJob/ViewDetails/827501900
159,Business Analyst,69923.0,131826.0,https://www.usajobs.gov:443/GetJob/ViewDetails/829172400
160,Chief Financial Management NF-04,60000.0,80000.0,https://www.usajobs.gov:443/GetJob/ViewDetails/827194200
161,FINANCIAL MANAGER,114970.0,149465.0,https://www.usajobs.gov:443/GetJob/ViewDetails/825842000
162,ODNI Chief Financial Executive,150160.0,216700.0,https://www.usajobs.gov:443/GetJob/ViewDetails/828971300
163,Supervisory Accountant,88520.0,115079.0,https://www.usajobs.gov:443/GetJob/ViewDetails/827876200
164,Deputy Assistant Administrator/Deputy Chief Financial Officer,150160.0,216521.0,https://www.usajobs.gov:443/GetJob/ViewDetails/824198700
165,Attorney-Adviser (General),105383.0,137000.0,https://www.usajobs.gov:443/GetJob/ViewDetails/829113700
166,BASE SERVICES SPECIALIST,61070.0,79390.0,https://www.usajobs.gov:443/GetJob/ViewDetails/827570400
167,IT Program Manager (Data Mgt/System Admin),142488.0,185234.0,https://www.usajobs.gov:443/GetJob/ViewDetails/828029500
168,IT Program Manager (Data Mgt/System Admin)),142488.0,185234.0,https://www.usajobs.gov:443/GetJob/ViewDetails/828030500
169,SOCIAL WORKER,96148.0,124988.0,https://www.usajobs.gov:443/GetJob/ViewDetails/826559200
170,EXECUTIVE SUPPORT OFFICER,148658.0,193254.0,https://www.usajobs.gov:443/GetJob/ViewDetails/827954500
171,Budget Officer,105383.0,137000.0,https://www.usajobs.gov:443/GetJob/ViewDetails/829110300
172,SUPERVISORY FINANCIAL SPECIALIST--DIRECT HIRE AUTHORITY,101420.0,143324.0,https://www.usajobs.gov:443/GetJob/ViewDetails/812906400
173,Member Services Manager NF-04,51332.0,56332.0,https://www.usajobs.gov:443/GetJob/ViewDetails/827200500
174,COMPTROLLER CHIEF FINANCIAL OFFICER,151322.0,207500.0,https://www.usajobs.gov:443/GetJob/ViewDetails/827464200
